스즈메의 문단속,8.0,https://img1.daumcdn.net/thumb/C408x596/?fname=https%3A%2F%2Ft1.daumcdn.net%2Fmovie%2F3a684ccaeb7aeac8e3f060ffe7249f7fe039443a
더 퍼스트 슬램덩크,8.4,https://img1.daumcdn.net/thumb/C408x596/?fname=https%3A%2F%2Ft1.daumcdn.net%2Fmovie%2Fa0aaca4b87c541b11085139bd941da0996a78ec1
소울메이트,8.9,https://img1.daumcdn.net/thumb/C408x596/?fname=https%3A%2F%2Ft1.daumcdn.net%2Fmovie%2F9347064f88ab6cccbafd14fbdc6c8ca1368ac12e
웅남이,7.8,https://img1.daumcdn.net/thumb/C408x596/?fname=https%3A%2F%2Ft1.daumcdn.net%2Fmovie%2Fae29b40059d8e51542972dc2654af3548313087d
샤잠! 신들의 분노,6.4,https://img1.daumcdn.net/thumb/C408x596/?fname=https%3A%2F%2Ft1.daumcdn.net%2Fmovie%2F931a1b2f24797dae46005ed4375d10960777d827
아임 히어로 더 파이널,9.7,https://img1.daumcdn.net/thumb/C408x596/?fname=https%3A%2F%2Ft1.daumcdn.net%2Fmovie%2Fcd8ba9a0ddfa0c21777ecaf688063612b9cfe27c
치킨래빗: 잃어버린 보물을 찾아서,10.0,https://img1.daumcdn.net/thumb/C408x596/?fname=https%3A%2F%2Ft1.daumcdn.net%2Fmovie%2F26596baa0b0c54ba0adbc04281a1857e7b878f68
에브리씽 에브리웨어 올 앳 원스＋,7.1,https://img1.daumcdn.net/thumb/C408x596/?fname=https%3A%2F%2Ft1.daumcdn.net%2Fmovie%2F1011ab6e1bfd5746503f65377108fcd0885ecf37
플레인,6.2,https://img1.daumcdn.net/thumb/C408x596/?fname=https%3A%2F%2Ft1.daumcdn.net%2Fmovie%2Fa43bcffe6f2b9e902c9d59bb2a855693df456525
"귀멸의 칼날: 상현집결, 그리고 도공 마을로",3.4,https://img1.daumcdn.net/thumb/C408x596/?fname=https%3A%2F%2Ft1.daumcdn.net%2Fmovie%2F2c32ea586013cd5cdf8537bad4bbdf727498b58a
더 웨일,8.4,https://img1.daumcdn.net/thumb/C408x596/?fname=https%3A%2F%2Ft1.daumcdn.net%2Fmovie%2F38bbcec0c58098c2cd532b3281a699cdf2760747
대외비,7.1,https://img1.daumcdn.net/thumb/C408x596/?fname=https%3A%2F%2Ft1.daumcdn.net%2Fmovie%2Fdae69d91dee05da54a630cb63c10109366ccac90
이니셰린의 밴시,8.2,https://img1.daumcdn.net/thumb/C408x596/?fname=https%3A%2F%2Ft1.daumcdn.net%2Fmovie%2F44773314b79fb37d34d33ace8c1920707767b915
파벨만스,8.3,https://img1.daumcdn.net/thumb/C408x596/?fname=https%3A%2F%2Ft1.daumcdn.net%2Fmovie%2F31a0cb08a0f5a423dddb916c8509e004992b0b23
모나리자와 블러드 문,7.5,https://img1.daumcdn.net/thumb/C408x596/?fname=https%3A%2F%2Ft1.daumcdn.net%2Fmovie%2Ffc968165caba9b4cf8cb03fde3310b752d64b27c
서치 2,7.5,https://img1.daumcdn.net/thumb/C408x596/?fname=https%3A%2F%2Ft1.daumcdn.net%2Fmovie%2Fa1894472a41f2396a702f8d3a5a3277a27133ce9
멍뭉이,7.1,https://img1.daumcdn.net/thumb/C408x596/?fname=https%3A%2F%2Ft1.daumcdn.net%2Fmovie%2F87945a48498b2bd91b146821d68b660dec84226f
마루이 비디오,6.5,https://img1.daumcdn.net/thumb/C408x596/?fname=https%3A%2F%2Ft1.daumcdn.net%2Fmovie%2F92273ac8c6e861159e699a68f587e2917d09c897
원피스 필름 레드,7.7,https://img1.daumcdn.net/thumb/C408x596/?fname=https%3A%2F%2Ft1.daumcdn.net%2Fmovie%2F1cfb6c3e188f895b9174ced723d2700a99eec7f0
오토라는 남자,8.6,https://img1.daumcdn.net/thumb/C408x596/?fname=https%3A%2F%2Ft1.daumcdn.net%2Fmovie%2F87f40f22955a97cb8d8d2059592cbf3dadba9eac
